{
 "templeR0013": [
  [
   0.9999999980543895,
   -6.182408979050863e-05,
   -8.306796884801886e-06,
   1.091739053410829e-06
  ],
  [
   6.182388458354927e-05,
   0.9999999977838219,
   -2.470148643902705e-05,
   -1.989869137573317e-06
  ],
  [
   8.308324013313847e-06,
   2.4700972832513786e-05,
   0.9999999996604169,
   -1.1492911869658978e-05
  ]
 ],
 "templeR0042": [
  [
   -0.9998470379537066,
   -0.009192063636938905,
   0.014879739960560575,
   0.01859153661227511
  ],
  [
   0.010130383395099824,
   -0.9978814593928723,
   0.06426482966770865,
   -0.9990698770102621
  ],
  [
   0.014257490223308009,
   0.06440573705847784,
   0.9978219405317199,
   0.039030463399424176
  ]
 ],
 "templeR0044": [
  [
   -0.99914783944241,
   -0.04042209785467076,
   0.008345594202410626,
   0.09286156486462509
  ],
  [
   0.04067223467290184,
   -0.9298103170400792,
   0.3657848324528229,
   -4.5206373633859265
  ],
  [
   -0.007025970699931083,
   0.3658125590119272,
   0.9306620264117736,
   0.7137085921272319
  ]
 ],
 "templeR0032": [
  [
   -0.9846087680467456,
   0.06666050050463629,
   0.1615609840213329,
   -1.6164307850686004
  ],
  [
   0.08058719271039058,
   -0.6471098882586445,
   0.7581256471647317,
   -9.073945833589537
  ],
  [
   0.1550847454024037,
   0.7594769056333157,
   0.6317780872688734,
   4.028341989856033
  ]
 ],
 "templeR0034": [
  [
   -0.9825520348331179,
   0.0637831666807831,
   0.17470891933004168,
   -1.7693535014142672
  ],
  [
   0.11242098044683038,
   -0.5446535873586679,
   0.8310920484114303,
   -9.963193883813139
  ],
  [
   0.14816552230756302,
   0.8362321313041644,
   0.5279799244041586,
   5.1671433494537435
  ]
 ],
 "templeR0036": [
  [
   -0.9840922105869524,
   0.01827219137601549,
   0.1767162926399361,
   -1.816141407644878
  ],
  [
   0.15837353558571216,
   -0.3604898334584672,
   0.919219725201308,
   -11.006197975039878
  ],
  [
   0.08050058563865503,
   0.9325841554494722,
   0.35186140555114764,
   7.369880859027366
  ]
 ],
 "templeR0038": [
  [
   -0.980997180197017,
   -0.005792287310081315,
   0.19393550952112615,
   -2.032167015057576
  ],
  [
   0.19344417544246023,
   -0.10628362795525548,
   0.9753374500223273,
   -11.635250334386528
  ],
  [
   0.014962734806444902,
   0.9943189829407797,
   0.10538442356783939,
   10.272692763745471
  ]
 ],
 "templeR0015": [
  [
   0.9991063465078901,
   -0.04148237898512946,
   -0.008106824371473842,
   0.08781290385732071
  ],
  [
   0.04197582445580043,
   0.9513208758324737,
   0.30533034792924035,
   -3.5868480540074557
  ],
  [
   -0.0049536379471716505,
   -0.3053977790342773,
   0.9522119816679577,
   0.5016801102206265
  ]
 ],
 "templeR0017": [
  [
   0.99658792135573,
   -0.08010598222378867,
   -0.019888353874243855,
   0.22417242706768561
  ],
  [
   0.07769842676812841,
   0.8292144121820328,
   0.5535037606984828,
   -6.518660278074364
  ],
  [
   -0.027847252748213494,
   -0.5531604561441171,
   0.8326091761882097,
   1.857066565939284
  ]
 ],
 "templeR0019": [
  [
   0.9880820069987875,
   -0.1536137635794567,
   -0.009836619551589543,
   0.12716605895366534
  ],
  [
   0.10792379627666407,
   0.6457922703001796,
   0.7558470730364527,
   -8.91971411701591
  ],
  [
   -0.10975610070734583,
   -0.7479004982345542,
   0.654674303068346,
   3.8636305915826332
  ]
 ],
 "templeR0021": [
  [
   0.9870198837518631,
   -0.14901984194450366,
   -0.05987349818821132,
   0.7003196143747904
  ],
  [
   0.1233640792356386,
   0.4648215022123843,
   0.8767680850916995,
   -10.391952137673472
  ],
  [
   -0.10282535209179534,
   -0.8727737723991582,
   0.477171760668358,
   5.9901581188943025
  ]
 ]
}